,"cui.sukey <- subset(cuidic,cui %in% a)",Superior.Key,Key.Cui,Superior.Key.Cui,Key.Semantictype,Superior.Key.Semantictype,Key.Location,Superior.Key.Location,Label
1,"cui.key <- subset(cuidic,cui %in% b)",8.7,C4517880,C4517880,  quantitative concept   ,   quantitative concept   ,14129,14129,No
2,print(cui.sukey), associated with ,C0332281,C0332281,  qualitative concept   ,   qualitative concept   ,6073,6073,No
3,print(cui.key),multiple endocrine neoplasia type 2,C0441730,C0025268,  classification   ,   neoplastic process   ,25,1269,Yes
4,type 1,type 1 diabetes,C0441729,C0011854,  classification   ,   disease or syndrome   ,1101,1101,Yes
5,fig , fig ,"C1337208, C1425021, C1428046","C1337208, C1425021, C1428046",  food   ;   gene or genome   ;   gene or genome   ,   food   ;   gene or genome   ;   gene or genome   ,1874,1874,Not sure
6,leading , leading ,C1522538,C1522538,  functional concept   ,   functional concept   ,12019,12019,Not sure
7,angina , angina ,C2024883,C2024883,  finding   ,   finding   ,3006,3006,Not sure
8,coronary revascularization , coronary revascularization ,C0877341,C0877341,  therapeutic or preventive procedure   ,   therapeutic or preventive procedure   ,2946,2946,No
9,these , these ,C0039828,C0039828,  intellectual product   ,   intellectual product   ,342,342,Not sure
10,thyroid carcinoma , medullary thyroid carcinoma ,C0549473,C0238462,  neoplastic process   ,   neoplastic process   ,9974,9964,Yes
11,outcomes , outcomes ,C0085415,C0085415,  qualitative concept   ,   qualitative concept   ,2572,2572,No
12,statistical power , statistical power ,C0814897,C0814897,  research activity   ,   research activity   ,7556,7556,No
13,vitreous , vitreous hemorrhage ,C2228511,C1963280,  diagnostic procedure   ,   finding   ,3450,3450,No
14,addition , addition ,C1883712,C1883712,  functional concept   ,   functional concept   ,1847,1847,No
15,multiple endocrine neoplasia type 2,multiple endocrine neoplasia type 2,C0025268,C0025268,  neoplastic process   ,   neoplastic process   ,1269,1269,Yes
16,pancreatitis acute , pancreatitis acute ,C0001339,C0001339,  disease or syndrome   ,   disease or syndrome   ,0,0,No
17,cerebrovascular disease , cerebrovascular disease ,C0007820,C0007820,  disease or syndrome   ,   disease or syndrome   ,511,511,Yes
18,appendix , appendix ,C1269000,C1269000,"  body part, organ, or organ component   ","   body part, organ, or organ component   ",1528,1528,No
19,% , % ,C0439165,C0439165,  quantitative concept   ,   quantitative concept   ,83,83,No
20,neutral , neutral ,C1882074,C1882074,  qualitative concept   ,   qualitative concept   ,260,260,Not sure
21,glp , glp ,"C1422069, C1425391","C1422069, C1425391",  gene or genome   ;   gene or genome   ,   gene or genome   ;   gene or genome   ,1129,1129,No
22,personal , personal history ,C1519021,C0424945,  organism attribute   ,   finding   ,1249,1249,No
23,analysis , analysis ,C0936012,C0936012,  research activity   ,   research activity   ,2632,2632,Not sure
24,an , an ,"C1418276, C1423519","C1418276, C1423519",  gene or genome   ;   gene or genome   ,   gene or genome   ;   gene or genome   ,217,217,Not sure
25,population , population ,C1257890,C1257890,  population group   ,   population group   ,4167,4167,Not sure
26,0,0,C0919414,C0919414,  quantitative concept   ,   quantitative concept   ,82,82,No
27,1,type 1 diabetes,C1314970,C0011854,  intellectual product   ,   disease or syndrome   ,1106,1101,Not sure
28,2,multiple endocrine neoplasia type 2,C1314971,C0025268,  intellectual product   ,   neoplastic process   ,30,1269,Not sure
29,dose , maximum tolerated dose ,C0178602,C0752079,  quantitative concept   ,   quantitative concept   ,1764,1746,No
30,3,3 months,"C1314972, C1318215",C1442461,  intellectual product   ;   quantitative concept   ,   temporal concept   ,597,0,No
31,4,dipeptidyl peptidase 4 inhibitors,C1579810,C1827106,  quantitative concept   ,   pharmacologic substance   ,1175,0,Yes
32,size , size ,"C1552077, C1879945","C1552077, C1879945",  quantitative concept   ;   intellectual product   ,   quantitative concept   ;   intellectual product   ,10090,10090,No
33,transient , transient ,C0687129,C0687129,  finding   ,   finding   ,14023,14023,No
34,5,5,"C1705232, C1706448","C1705232, C1706448",  finding   ;   research activity   ,   finding   ;   research activity   ,415,415,No
35,left , left ventricular systolic dysfunction ,C1552822,C1277187,  functional concept   ,   disease or syndrome   ,844,0,Yes
36,hemoglobin level , hemoglobin level ,C1314664,C1314664,  laboratory procedure   ,   laboratory procedure   ,60,60,No
37,6,3 6,C1271041,C0442759,  professional or occupational group   ,   finding   ,696,14061,No
38,7,7,C1828371,C1828371,"  body part, organ, or organ component   ","   body part, organ, or organ component   ",80,80,No
39,8,8,"C1556074, C1827697","C1556074, C1827697","  quantitative concept   ;   body part, organ, or organ component   ","   quantitative concept   ;   body part, organ, or organ component   ",1733,1733,No
40,pancreatitis , pancreatitis acute ,C1963198,C0001339,  finding   ,   disease or syndrome   ,3532,0,No
41,ethnic group , other ethnic group ,C1879937,C1278530,  intellectual product   ,   population group   ,12894,12888,No
42,< , < ,C0439092,C0439092,  quantitative concept   ,   quantitative concept   ,2018,2018,No
43,> , > ,C0439093,C0439093,  quantitative concept   ,   quantitative concept   ,12949,12949,No
44,treatment , treatment ,"C1522326, C1533734, C1705169","C1522326, C1533734, C1705169",  functional concept   ;   therapeutic or preventive procedure   ;   conceptual entity   ,   functional concept   ;   therapeutic or preventive procedure   ;   conceptual entity   ,3414,3414,No
45,statistical , statistical power ,C0038215,C0814897,  occupation or discipline   ,   research activity   ,7556,7556,No
46,subgroup , subgroup ,C1079230,C1079230,  virus   ,   virus   ,5602,5602,No
47,independent , independent ,"C1290940, C1299583","C1290940, C1299583",  finding   ;   finding   ,   finding   ;   finding   ,3614,3614,No
48,1000,1000,C1883310,C1883310,  quantitative concept   ,   quantitative concept   ,9238,9238,No
49,thyroid cancer , medullary thyroid cancer ,C0549473,C0238462,  neoplastic process   ,   neoplastic process   ,1318,1308,No
50,hemodynamic , hemodynamic ,C0019010,C0019010,  organ or tissue function   ,   organ or tissue function   ,6672,6672,No
51,creatinine , creatinine ,C1561535,C1561535,  finding   ,   finding   ,3201,3201,No
52,acute coronary syndrome , acute coronary syndrome ,C0948089,C0948089,  disease or syndrome   ,   disease or syndrome   ,6893,6893,No
53,rapid-acting insulin , rapid-acting insulin ,C0356365,C0356365,"  amino acid, peptide, or protein / pharmacologic substance / hormone   ","   amino acid, peptide, or protein / pharmacologic substance / hormone   ",1213,1213,No
54,serious adverse event , serious adverse event ,C1519255,C1519255,  finding   ,   finding   ,11464,11464,No
55,by , determined by ,C0006539,C0521095,  geographic area   ,   qualitative concept   ,773,762,No
56,history of cardiovascular disease , history of cardiovascular disease ,C0455539,C0455539,  finding   ,   finding   ,5796,5796,No
57,after , after ,C0687676,C0687676,  temporal concept   ,   temporal concept   ,1551,1551,No
58,cardiovascular risk , cardiovascular risk factor ,C4324389,C0850624,  finding   ,   finding   ,731,731,No
59,per minute , per minute ,C0702093,C0702093,  temporal concept   ,   temporal concept   ,2032,2032,No
60,foot , diabetic foot ulcer ,"C2346504, C2348613, C2348704",C1456868,  quantitative concept   ;   quantitative concept   ;   quantitative concept   ,   disease or syndrome   ,11880,11871,Yes
61,endocrine , endocrine ,C1559198,C1559198,  finding   ,   finding   ,1278,1278,Yes
62,a , north america ,"C1442985, C1442986",C0028405,  intellectual product   ;   intellectual product   ,   geographic area   ,2,12828,No
63,allergic reaction , allergic reaction ,C1527304,C1527304,  pathologic function   ,   pathologic function   ,11916,11916,Yes
64,glucose , glucose ,C0017725,C0017725,  organic chemical / pharmacologic substance / biologically active substance   ,   organic chemical / pharmacologic substance / biologically active substance   ,6158,6158,Not sure
65,c , chronic heart failure ,"C1553033, C1720692, C1998602",C0264716,  quantitative concept   ;   intellectual product   ;   daily or recreational activity   ,   disease or syndrome   ,54,614,No
66,committee , adjudication committee ,C2699414,C2700368,  group   ,   professional or occupational group   ,3645,3632,Yes
67,decreased , decreased appetite ,C0442797,C0232462,  finding   ,   sign or symptom   ,12394,12394,No
68,sex , sex female ,"C1314687, C1418662",C0086287,  finding   ;   gene or genome   ,   organism attribute   ,12769,12769,No
69,0.01,0.01,C4517393,C4517393,  quantitative concept   ,   quantitative concept   ,12160,12160,No
70,onset , new onset ,"C0206132, C0332162",C0746890,  quantitative concept   ;   qualitative concept   ,   finding   ,3148,3144,No
71,blood , systolic blood pressure ,C0229664,C1306620,  body substance   ,   diagnostic procedure   ,980,971,Yes
72,renal , renal function ,"C0022646, C0042075",C0232804,"  body part, organ, or organ component   ;   disease or syndrome   ",   organ or tissue function   ,2136,13290,No
73,3 months,3 months,C1442461,C1442461,  temporal concept   ,   temporal concept   ,0,0,Not sure
74,stage ,stage 3,"C1300072, C1306673",C0441771,  clinical attribute   ;   temporal concept   ,   intellectual product   ,591,591,No
75,meet , meet ,C1550543,C1550543,  phenomenon or process   ,   phenomenon or process   ,2185,2185,No
76,glycated hemoglobin , glycated hemoglobin ,C0202054,C0202054,  laboratory procedure   ,   laboratory procedure   ,51,51,No
77,severe , severe disease ,"C1519275, C1547227, C1547231, C1561581",C4740692,  finding   ;   intellectual product   ;   intellectual product   ;   finding   ,   finding   ,10442,13370,Yes
78,maximum , maximum tolerated dose ,C1552615,C0752079,  quantitative concept   ,   quantitative concept   ,1746,1746,Not sure
79,days ,14 days,C0439228,C4071839,  temporal concept   ,   temporal concept   ,1409,1406,No
80,6.3,6.3,C1418662,C1418662,  gene or genome   ,   gene or genome   ,12652,12652,No
81,combined , combined ,C0205195,C0205195,  qualitative concept   ,   qualitative concept   ,9289,9289,No
82,serum , serum creatinine level ,"C1546774, C1550100",C0600061,  intellectual product   ;   body substance   ,   finding   ,3195,3195,Yes
83,plasma , plasma glucose level ,"C1546740, C1609077",C0455280,  intellectual product   ;   body substance   ,   laboratory or test result   ,10540,10540,No
84,did , did ,C1707660,C1707660,  machine activity   ,   machine activity   ,2177,2177,No
85,standard , standard ,C1442989,C1442989,  qualitative concept   ,   qualitative concept   ,1859,1859,No
86,acceptable , acceptable ,C1879533,C1879533,  qualitative concept   ,   qualitative concept   ,5334,5334,No
87,screening , screening ,"C1305399, C1409616","C1305399, C1409616",  functional concept   ;   finding   ,   functional concept   ;   finding   ,1421,1421,Not sure
88,powered , powered ,C0032863,C0032863,  social behavior   ,   social behavior   ,10104,10104,No
89,added , added ,C1524062,C1524062,  functional concept   ,   functional concept   ,10380,10380,No
90,0.11,0.11,C4517425,C4517425,  quantitative concept   ,   quantitative concept   ,13789,13789,No
91,0.12,0.12,C4517426,C4517426,  quantitative concept   ,   quantitative concept   ,11459,11459,No
92,ventricular , ventricular ,C1522565,C1522565,  spatial concept   ,   spatial concept   ,849,849,Yes
93,familial , familial ,C0241888,C0241888,  functional concept   ,   functional concept   ,1237,1237,No
94,0.09,0.09,C4517419,C4517419,  quantitative concept   ,   quantitative concept   ,11746,11746,No
95,0.06,0.06,C4517412,C4517412,  quantitative concept   ,   quantitative concept   ,11564,11564,No
96,reg , reg ,C1419333,C1419333,  gene or genome   ,   gene or genome   ,1655,1655,No
97,0.02,0.02,C4517398,C4517398,  quantitative concept   ,   quantitative concept   ,11658,11658,No
98,0.03,0.03,C4517402,C4517402,  quantitative concept   ,   quantitative concept   ,12389,12389,No
99,serious , serious adverse event ,C0205404,C1519255,  qualitative concept   ,   finding   ,11464,11464,No
100,female , sex female ,"C1705497, C1705498",C0086287,  qualitative concept   ;   qualitative concept   ,   organism attribute   ,12773,12769,No
101,add , add ,C1263846,C1263846,  mental or behavioral dysfunction   ,   mental or behavioral dysfunction   ,1847,1847,No
102,atic , atic ,C1412625,C1412625,  gene or genome   ,   gene or genome   ,8828,8828,No
103,area , area ,C1510751,C1510751,  governmental or regulatory activity   ,   governmental or regulatory activity   ,2071,2071,Not sure
104,need , need for ,C0686904,C0686904,  functional concept   ,   functional concept   ,3269,3269,Not sure
105,age factors , age factors ,C0001783,C0001783,  temporal concept   ,   temporal concept   ,0,0,No
106,clinical events , clinical events ,C2827664,C2827664,  intellectual product   ,   intellectual product   ,3695,3695,No
107,adverse event , serious adverse event ,C0877248,C1519255,  pathologic function   ,   finding   ,8642,11464,Not sure
108,history of , history of cardiovascular disease ,"C0262926, C0332119",C0455539,  finding   ;   finding   ,   finding   ,1258,5796,No
109,0.21,0.21,C4517437,C4517437,  quantitative concept   ,   quantitative concept   ,11828,11828,No
110,respect , respect ,C0679133,C0679133,  social behavior   ,   social behavior   ,5666,5666,Not sure
111,unstable , unstable angina pectoris ,C1883468,C0002965,  finding   ,   disease or syndrome   ,2997,2997,Not sure
112,external , external ,"C1548801, C1553871","C1548801, C1553871",  body location or region   ;   qualitative concept   ,   body location or region   ;   qualitative concept   ,3604,3604,No
113,tests , other laboratory tests ,C0392366,C0497099,  intellectual product   ,   laboratory procedure   ,3913,3896,Not sure
114,0.18,0.18,C4517433,C4517433,  quantitative concept   ,   quantitative concept   ,12619,12619,No
115,month , month ,"C1561541, C1561542","C1561541, C1561542",  idea or concept   ;   intellectual product   ,   idea or concept   ;   intellectual product   ,2522,2522,No
116,pancreatic carcinoma , pancreatic carcinoma ,C0235974,C0235974,  neoplastic process   ,   neoplastic process   ,12672,12672,No
117,0.16,0.16,C4517431,C4517431,  quantitative concept   ,   quantitative concept   ,12574,12574,No
118,empa , empa ,C2699863,C2699863,  research activity   ,   research activity   ,6192,6192,Not sure
119,non-hispanic , non-hispanic ,C1518424,C1518424,  population group   ,   population group   ,12916,12916,No
120,0.14,0.14,C4517430,C4517430,  quantitative concept   ,   quantitative concept   ,11952,11952,No
121,diastolic dysfunction , diastolic dysfunction ,C0520863,C0520863,  pathologic function   ,   pathologic function   ,903,903,No
122,5.2,5.2,C4517790,C4517790,  quantitative concept   ,   quantitative concept   ,12155,12155,No
123,antidiabetic , antidiabetic agent ,C0935929,C0935929,  pharmacologic substance   ,   pharmacologic substance   ,13134,13162,No
124,adjustment , adjustment ,C1546424,C1546424,  idea or concept   ,   idea or concept   ,5230,5230,No
125,5.3,5.3,C4708663,C4708663,  quantitative concept   ,   quantitative concept   ,14322,14322,No
126,with type , with type ,C0332307,C0332307,  qualitative concept   ,   qualitative concept   ,20,20,No
127,egfr , egfr ,"C1150617, C1368111, C1414313","C1150617, C1368111, C1414313","  molecular function   ;   amino acid, peptide, or protein / receptor   ;   gene or genome   ","   molecular function   ;   amino acid, peptide, or protein / receptor   ;   gene or genome   ",1998,1998,No
128,relates , relates ,C0163712,C0163712,  organic chemical   ,   organic chemical   ,8455,8455,No
129,origin , origin ,C1550512,C1550512,  intellectual product   ,   intellectual product   ,9564,9564,No
130,for , except for ,C1421525,C0332300,  gene or genome   ,   functional concept   ,145,2390,No
131,0.33,0.33,C4517449,C4517449,  quantitative concept   ,   quantitative concept   ,13719,13719,Not sure
132,except for , except for ,C0332300,C0332300,  functional concept   ,   functional concept   ,2390,2390,No
133,pharmacovigilance , pharmacovigilance ,C3178990,C3178990,  research activity   ,   research activity   ,8886,8886,No
134,lipid , lipid ,C0523744,C0523744,  laboratory procedure   ,   laboratory procedure   ,5487,5487,No
135,peripheral vascular disease , peripheral vascular disease ,C0085096,C0085096,  disease or syndrome   ,   disease or syndrome   ,536,536,No
136,fatal , fatal ,C1302234,C1302234,  qualitative concept   ,   qualitative concept   ,2706,2706,No
137,duration , duration ,C0720099,C0720099,  pharmacologic substance   ,   pharmacologic substance   ,12985,12985,No
138,expanded , expanded ,C0205229,C0205229,  spatial concept   ,   spatial concept   ,2820,2820,No
139,related , related ,"C1552599, C1704787","C1552599, C1704787",  functional concept   ;   qualitative concept   ,   functional concept   ;   qualitative concept   ,3496,3496,No
140,previously , previously ,C0205156,C0205156,  temporal concept   ,   temporal concept   ,164,164,Not sure
141,rate , estimated glomerular filtration rate ,C0871208,C3811844,  activity   ,   laboratory procedure   ,1758,1960,Not sure
142,preclinical , preclinical ,C1709630,C1709630,  qualitative concept   ,   qualitative concept   ,8873,8873,Not sure
143,blinded , blinded ,C0150108,C0150108,  research activity   ,   research activity   ,3582,3582,Not sure
144,human , human ,C0086418,C0086418,  human   ,   human   ,254,254,No
145,class , new york heart association class ii ,"C0008902, C0008903",C1882085,  classification   ;   functional concept   ,   finding   ,666,639,No
146,over , over ,"C0205136, C0347984","C0205136, C0347984",  spatial concept   ;   temporal concept   ,   spatial concept   ;   temporal concept   ,8317,8317,No
147,myocardial , myocardial infarction ,C1522564,C0428953,  spatial concept   ,   laboratory or test result   ,2731,2731,No
148,asia , asia ,C0003980,C0003980,  geographic area   ,   geographic area   ,1293,1293,No
149,multiple ,multiple endocrine neoplasia type 2,C0439064,C0025268,  quantitative concept   ,   neoplastic process   ,1269,1269,Not sure
150,0.44,0.44,C4517459,C4517459,  quantitative concept   ,   quantitative concept   ,12537,12537,No
151,stroke , stroke ,C1261367,C1261367,  finding   ,   finding   ,2766,2766,No
152,new york , new york heart association class ii ,C0027976,C1882085,  geographic area   ,   finding   ,639,639,No
153,discontinuation of trial , discontinuation of trial ,C4684805,C4684805,  finding   ,   finding   ,12040,12040,No
154,risk of , risk of ,C0035647,C0035647,  idea or concept   ,   idea or concept   ,4301,4301,No
155,0.37,0.37,C4517454,C4517454,  quantitative concept   ,   quantitative concept   ,13845,13845,No
156,management , management ,C1273870,C1273870,  occupational activity   ,   occupational activity   ,5382,5382,No
157,0.38,0.38,C4517456,C4517456,  quantitative concept   ,   quantitative concept   ,11911,11911,No
158,treated with , treated with ,C1522326,C1522326,  functional concept   ,   functional concept   ,187,187,No
159,4.1,4.1,C4517756,C4517756,  quantitative concept   ,   quantitative concept   ,12145,12145,No
160,4.2,4.2,C4517758,C4517758,  quantitative concept   ,   quantitative concept   ,11906,11906,No
161,4.3,4.3,C4517759,C4517759,  quantitative concept   ,   quantitative concept   ,13878,13878,No
162,cancer , medullary thyroid cancer ,C1306459,C0238462,  neoplastic process   ,   neoplastic process   ,1326,1308,No
163,ulcer , diabetic foot ulcer ,"C1547940, C1550672",C1456868,  intellectual product   ;   body substance   ,   disease or syndrome   ,11885,11871,No
164,injection , injection ,C1272883,C1272883,  biomedical or dental material   ,   biomedical or dental material   ,1834,1834,No
165,hypertension , hypertension ,C1963138,C1963138,  finding   ,   finding   ,827,827,No
166,age , age factors ,C1114365,C0001783,  clinical attribute   ,   temporal concept   ,235,0,No
167,laboratory testing , laboratory testing ,C0022885,C0022885,  laboratory procedure   ,   laboratory procedure   ,4104,4104,No
168,thiazolidinediones , thiazolidinediones ,C1257987,C1257987,  organic chemical / pharmacologic substance   ,   organic chemical / pharmacologic substance   ,7479,7479,Not sure
169,chronic heart failure , chronic heart failure ,C0264716,C0264716,  disease or syndrome   ,   disease or syndrome   ,614,614,Yes
170,entire , entire ,C0439751,C0439751,  quantitative concept   ,   quantitative concept   ,4153,4153,No
171,years ,3 years,C0439234,C4299033,  temporal concept   ,   temporal concept   ,418,4682,No
172,number , number of patients ,C0750480,C2360800,  quantitative concept   ,   finding   ,4610,4610,No
173,0.46,0.46,C4517460,C4517460,  quantitative concept   ,   quantitative concept   ,12667,12667,No
174,1.15,1.15,C4517493,C4517493,  quantitative concept   ,   quantitative concept   ,14462,14462,No
175,context , context ,"C0449255, C0542559","C0449255, C0542559",  idea or concept   ;   mental process   ,   idea or concept   ;   mental process   ,5313,5313,No
176,per , per minute ,C1418464,C0702093,  gene or genome   ,   temporal concept   ,223,2032,No
177,photocoagulation , photocoagulation ,C1328010,C1328010,  therapeutic or preventive procedure   ,   therapeutic or preventive procedure   ,3394,3394,No
178,placebo , placebo ,"C1696465, C1706408","C1696465, C1706408",  biomedical or dental material   ;   research activity   ,   biomedical or dental material   ;   research activity   ,1566,1566,No
179,ii , new york heart association class ii ,"C1336572, C1413237, C1415022",C1882085,  gene or genome   ;   gene or genome   ;   gene or genome   ,   finding   ,672,639,Yes
180,similar , similar ,C2348205,C2348205,  qualitative concept   ,   qualitative concept   ,7024,7024,No
181,blood pressure , systolic blood pressure ,"C0005823, C0005824",C1306620,  organism function   ;   health care activity   ,   diagnostic procedure   ,980,971,No
182,surface , surface ,C0205148,C0205148,  spatial concept   ,   spatial concept   ,2063,2063,No
183,lower , lower ,"C1548802, C2003888","C1548802, C2003888",  body location or region   ;   activity   ,   body location or region   ;   activity   ,4295,4295,No
184,testing , laboratory testing ,C0392366,C0022885,  intellectual product   ,   laboratory procedure   ,4115,4104,No
185,index , index ,C0918012,C0918012,  intellectual product   ,   intellectual product   ,947,947,No
186,0.64,0.64,C4517470,C4517470,  quantitative concept   ,   quantitative concept   ,13942,13942,No
187,laboratory tests , other laboratory tests ,C0022885,C0497099,  laboratory procedure   ,   laboratory procedure   ,3902,3896,No
188,every 6 months,every 6 months,C0585339,C0585339,  temporal concept   ,   temporal concept   ,2545,2545,No
189,diastolic , diastolic dysfunction ,C0232262,C0520863,  finding   ,   pathologic function   ,903,903,No
190,retinopathy , retinopathy ,C1962966,C1962966,  finding   ,   finding   ,3349,3349,No
191,3.1,3.1,C4517683,C4517683,  quantitative concept   ,   quantitative concept   ,11692,11692,No
192,cancers , cancers ,C0006826,C0006826,  neoplastic process   ,   neoplastic process   ,9541,9541,No
193,driven , driven ,C4683688,C4683688,  activity   ,   activity   ,8017,8017,No
194,3.3,3.3,C4517688,C4517688,  quantitative concept   ,   quantitative concept   ,11653,11653,No
195,use of , use of ,C1524063,C1524063,  functional concept   ,   functional concept   ,1122,1122,No
196,405,405,C4517768,C4517768,  quantitative concept   ,   quantitative concept   ,14124,14124,No
197,3.4,3.4,C4517692,C4517692,  quantitative concept   ,   quantitative concept   ,13978,13978,No
198,neoplasm , malignant neoplasm ,C1368871,C1306459,  neoplastic process   ,   neoplastic process   ,3517,12628,Yes
199,3.5,3.5,C3844010,C3844010,  quantitative concept   ,   quantitative concept   ,10703,10703,No
200,3.6,3.6,C4517694,C4517694,  quantitative concept   ,   quantitative concept   ,12604,12604,No
201,3.7,3.7,C4517696,C4517696,  quantitative concept   ,   quantitative concept   ,11547,11547,No
202,3.9,3.9,C4517698,C4517698,  quantitative concept   ,   quantitative concept   ,11896,11896,No
203,other , other laboratory tests ,C1271040,C0497099,  biomedical occupation or discipline   ,   laboratory procedure   ,3896,3896,No
204,retinal , retinal ,"C0035298, C0035331","C0035298, C0035331","  body part, organ, or organ component   ;   organic chemical / pharmacologic substance / vitamin   ","   body part, organ, or organ component   ;   organic chemical / pharmacologic substance / vitamin   ",3085,3085,No
205,plasma glucose level , plasma glucose level ,C0455280,C0455280,  laboratory or test result   ,   laboratory or test result   ,10540,10540,No
206,lipase , lipase ,C1561534,C1561534,  finding   ,   finding   ,8962,8962,No
207,doubling , doubling ,C1705764,C1705764,  activity   ,   activity   ,3179,3179,No
208,exclusion , inclusion and exclusion ,C2828389,C0680252,  activity   ,   functional concept   ,1077,1463,No
209,occurrence , occurrence ,C1554210,C1554210,  idea or concept   ,   idea or concept   ,1342,1342,No
210,cell , cell ,"C1136359, C1269647, C1413336, C1413337","C1136359, C1269647, C1413336, C1413337",  manufactured object   ;   cell   ;   gene or genome   ;   gene or genome   ,   manufactured object   ;   cell   ;   gene or genome   ;   gene or genome   ,9814,9814,No
211,dysfunction , diastolic dysfunction ,C0277785,C0520863,  pathologic function   ,   pathologic function   ,913,903,No
212,unstable angina pectoris , unstable angina pectoris ,C0002965,C0002965,  disease or syndrome   ,   disease or syndrome   ,2997,2997,Not sure
213,other laboratory tests , other laboratory tests ,C0497099,C0497099,  laboratory procedure   ,   laboratory procedure   ,3896,3896,No
214,world , world ,C2700280,C2700280,  population group   ,   population group   ,12859,12859,No
215,syndrome , acute coronary syndrome ,C0039082,C0948089,  disease or syndrome   ,   disease or syndrome   ,6908,6893,No
216,to be stopped , to be stopped ,C1272691,C1272691,  qualitative concept   ,   qualitative concept   ,9103,9103,No
217,replacement therapy , replacement therapy ,"C0279033, C0282402","C0279033, C0282402",  therapeutic or preventive procedure   ;   therapeutic or preventive procedure   ,   therapeutic or preventive procedure   ;   therapeutic or preventive procedure   ,3295,3295,No
218,outcome , outcome ,C1274040,C1274040,  functional concept   ,   functional concept   ,2572,2572,No
219,table , table ,C1706074,C1706074,  intellectual product   ,   intellectual product   ,3000,3000,No
220,cardiovascular disease , history of cardiovascular disease ,C0007222,C0455539,  disease or syndrome   ,   finding   ,5807,5796,No
221,robust , robust ,C2986815,C2986815,  qualitative concept   ,   qualitative concept   ,5211,5211,No
222,dpp , dpp ,C1414174,C1414174,  gene or genome   ,   gene or genome   ,1178,1178,No
223,m2,m2,C1879321,C1879321,  neoplastic process   ,   neoplastic process   ,2052,2052,No
224,drugs , effect of drugs ,C0013227,C0728866,  pharmacologic substance   ,   functional concept   ,139,10129,No
225,asian , asian ,C0078988,C0078988,  population group   ,   population group   ,12882,12882,No
226,0.88,0.88,C4517484,C4517484,  quantitative concept   ,   quantitative concept   ,13772,13772,No
227,vitreous hemorrhage , vitreous hemorrhage ,C1963280,C1963280,  finding   ,   finding   ,3450,3450,Yes
228,allergic , allergic reaction ,C0700624,C1527304,  functional concept   ,   pathologic function   ,11916,11916,No
229,microalbuminuria , microalbuminuria ,C0730345,C0730345,  finding   ,   finding   ,794,794,No
230,stage 3,stage 3,C0441771,C0441771,  intellectual product   ,   intellectual product   ,591,591,No
231,diuretics , diuretics ,C0012798,C0012798,  pharmacologic substance   ,   pharmacologic substance   ,5519,5519,No
232,carcinoma , medullary thyroid carcinoma ,C0007097,C0238462,  neoplastic process   ,   neoplastic process   ,9982,9964,No
233,2.2,2.2,C4517629,C4517629,  quantitative concept   ,   quantitative concept   ,8670,8670,No
234,0.79,0.79,C5438221,C5438221,  quantitative concept   ,   quantitative concept   ,14075,14075,No
235,2.3,2.3,C5396190,C5396190,  quantitative concept   ,   quantitative concept   ,11442,11442,No
236,cancer risk , cancer risk ,C0596244,C0596244,  quantitative concept   ,   quantitative concept   ,10148,10148,Yes
237,2.4,2.4,C4517631,C4517631,  quantitative concept   ,   quantitative concept   ,11643,11643,No
238,2.5,2.5,C3844011,C3844011,  quantitative concept   ,   quantitative concept   ,14148,14148,No
239,oral , oral ,C1272919,C1272919,  biomedical or dental material   ,   biomedical or dental material   ,212,212,No
240,coronary heart disease , coronary heart disease ,C1956346,C1956346,  disease or syndrome   ,   disease or syndrome   ,487,487,No
241,2.6,2.6,C4517633,C4517633,  quantitative concept   ,   quantitative concept   ,14224,14224,No
242,2.7,2.7,C4517635,C4517635,  quantitative concept   ,   quantitative concept   ,14238,14238,No
243,complete , complete ,"C1548561, C1706059, C1815293","C1548561, C1706059, C1815293",  idea or concept   ;   functional concept   ;   organic chemical / pharmacologic substance / vitamin   ,   idea or concept   ;   functional concept   ;   organic chemical / pharmacologic substance / vitamin   ,1454,1454,No
244,inhibitors ,dpp-4 inhibitors,C0243077,C1827106,  chemical viewed functionally   ,   pharmacologic substance   ,1185,2426,No
245,adjustments , adjustments ,C0456081,C0456081,  functional concept   ,   functional concept   ,11054,11054,No
246,serum creatinine level , serum creatinine level ,C0600061,C0600061,  finding   ,   finding   ,3195,3195,No
247,findings , findings ,C3539655,C3539655,  intellectual product   ,   intellectual product   ,5197,5197,Not sure
248,stratified , stratified ,C0205363,C0205363,  qualitative concept   ,   qualitative concept   ,1932,1932,Not sure
249,body , body ,C1268086,C1268086,  anatomical structure   ,   anatomical structure   ,2058,2058,No
250,while , while ,C0750519,C0750519,  idea or concept   ,   idea or concept   ,11218,11218,No
251,class ii , new york heart association class ii ,C0441886,C1882085,  intellectual product   ,   finding   ,666,639,No
252,systolic blood pressure , systolic blood pressure ,C1306620,C1306620,  diagnostic procedure   ,   diagnostic procedure   ,971,971,Yes
253,trial , discontinuation of trial ,C0008976,C4684805,  research activity   ,   finding   ,4160,12040,No
254,less than , less than ,C0439092,C0439092,  quantitative concept   ,   quantitative concept   ,1054,1054,No
255,kidney , kidney disease ,C1278978,C0022658,"  body part, organ, or organ component   ",   disease or syndrome   ,573,573,No
256,atherosclerotic , atherosclerotic ,C0333482,C0333482,  functional concept   ,   functional concept   ,6796,6796,Yes
257,high , high risk ,C1299351,C0332167,  qualitative concept   ,   finding   ,7224,10862,No
258,geographic , geographic region ,C1517526,C0017446,  spatial concept   ,   geographic area   ,12803,12803,No
259,individualized , individualized ,C1881197,C1881197,  qualitative concept   ,   qualitative concept   ,2268,2268,No
260,earlier , earlier ,C1279919,C1279919,  temporal concept   ,   temporal concept   ,6287,6287,No
261,north america , north america ,C0028405,C0028405,  geographic area   ,   geographic area   ,12828,12828,No
262,function , renal function ,C1315032,C0232804,  intellectual product   ,   organ or tissue function   ,916,13290,No
263,members , members ,C0680022,C0680022,  population group   ,   population group   ,3719,3719,No
264,continuous , continuous ,C0549178,C0549178,  idea or concept   ,   idea or concept   ,3278,3278,Not sure
265,modified , modified ,C0392747,C0392747,  functional concept   ,   functional concept   ,6772,6772,No
266,mg , mg ,C2348270,C2348270,"  element, ion, or isotope   ","   element, ion, or isotope   ",1735,1735,No
267,medullary thyroid carcinoma , medullary thyroid carcinoma ,C0238462,C0238462,  neoplastic process   ,   neoplastic process   ,9964,9964,No
268,calculated , calculated ,C1441506,C1441506,  activity   ,   activity   ,2081,2081,No
269,chronic , chronic heart failure ,C0867389,C0264716,  disease or syndrome   ,   disease or syndrome   ,565,614,No
270,ml , ml ,"C1705224, C1706380, C1708949","C1705224, C1706380, C1708949",  gene or genome   ;   intellectual product   ;   research activity   ,   gene or genome   ;   intellectual product   ;   research activity   ,1200,1200,No
271,all , all ,C0812385,C0812385,  gene or genome   ,   gene or genome   ,3547,3547,NO
272,new , new york heart association class ii ,"C1553390, C1578513",C1882085,  idea or concept   ;   finding   ,   finding   ,639,639,No
273,peripheral , peripheral vascular disease ,C0205100,C0085096,  spatial concept   ,   disease or syndrome   ,536,536,No
274,months ,3 months,C0439231,C1442461,  temporal concept   ,   temporal concept   ,2522,0,No
275,including , including ,C0332257,C0332257,  functional concept   ,   functional concept   ,2713,2713,No
276,discretion , discretion ,C5556474,C5556474,  functional concept   ,   functional concept   ,2312,2312,No
277,level , hemoglobin level ,C1547707,C1314664,  geographic area   ,   laboratory procedure   ,71,60,No
278,30 minute,30 minute,C0456693,C0456693,  temporal concept   ,   temporal concept   ,0,0,No
279,pressure , systolic blood pressure ,C0234222,C1306620,  organ or tissue function   ,   diagnostic procedure   ,986,971,Yes
280,heart , heart failure ,C1281570,"C0018801, C0018802","  body part, organ, or organ component   ",   disease or syndrome   ;   disease or syndrome   ,496,622,Yes
281,clinical , clinical events ,C1315013,C2827664,  intellectual product   ,   intellectual product   ,3695,3695,No
282,condition , condition ,C1705253,C1705253,  conceptual entity   ,   conceptual entity   ,154,154,No
283,1.1,1.1,C4517491,C4517491,  quantitative concept   ,   quantitative concept   ,11741,11741,No
284,1.2,1.2,C4068880,C4068880,  quantitative concept   ,   quantitative concept   ,13839,13839,No
285,1.3,1.3,C4517499,C4517499,  quantitative concept   ,   quantitative concept   ,11938,11938,No
286,high risk , high risk ,C0332167,C0332167,  finding   ,   finding   ,10862,10862,No
287,1.4,1.4,C4517503,C4517503,  quantitative concept   ,   quantitative concept   ,14327,14327,No
288,1.5,1.5,C3844012,C3844012,  quantitative concept   ,   quantitative concept   ,9205,9205,No
289,1.6,1.6,C4517508,C4517508,  quantitative concept   ,   quantitative concept   ,12222,12222,No
290,geographic region , geographic region ,C0017446,C0017446,  geographic area   ,   geographic area   ,12803,12803,No
291,1.8,1.8,C4068742,C4068742,  quantitative concept   ,   quantitative concept   ,1731,1731,No
292,1.9,1.9,C4517517,C4517517,  quantitative concept   ,   quantitative concept   ,11701,11701,No
293,need for , need for ,C0686904,C0686904,  functional concept   ,   functional concept   ,3269,3269,No
294,time-to-event , time-to-event ,C5237330,C5237330,  intellectual product   ,   intellectual product   ,4443,4443,No
295,cause , cause ,C1524003,C1524003,  conceptual entity   ,   conceptual entity   ,2695,2695,No
296,0.001,0.001,C4517385,C4517385,  quantitative concept   ,   quantitative concept   ,11707,11707,No
297,amylase , amylase ,C1561551,C1561551,  finding   ,   finding   ,8973,8973,Not sure
298,hemoglobin , hemoglobin level ,C1561562,C1314664,  finding   ,   laboratory procedure   ,60,60,Not sure
299,epidemiologic , epidemiologic ,"C0014507, C0014508","C0014507, C0014508",  biomedical occupation or discipline   ;   functional concept   ,   biomedical occupation or discipline   ;   functional concept   ,8908,8908,Not sure
300,adjudication , adjudication committee ,C0680730,C2700368,  governmental or regulatory activity   ,   professional or occupational group   ,3632,3632,Not sure
301,pancreatic cancer , pancreatic cancer ,"C0235974, C0346647","C0235974, C0346647",  neoplastic process   ;   neoplastic process   ,   neoplastic process   ;   neoplastic process   ,8822,8822,Yes
302,investigator , investigator ,C0035173,C0035173,  professional or occupational group   ,   professional or occupational group   ,780,780,No
303,deciliter , per deciliter ,C0439241,C3642216,  quantitative concept   ,   quantitative concept   ,10573,10569,No
304,218,218,C4517647,C4517647,  quantitative concept   ,   quantitative concept   ,14303,14303,No
305,magnitude , magnitude ,C1704240,C1704240,  quantitative concept   ,   quantitative concept   ,6379,6379,No
306,included , included ,C0332257,C0332257,  functional concept   ,   functional concept   ,2808,2808,No
307,on , inclusion and exclusion ,C1420342,C0680252,  gene or genome   ,   functional concept   ,155,1463,No
308,direction , direction ,C0700158,C0700158,  biomedical or dental material   ,   biomedical or dental material   ,6365,6365,No
309,type 1 diabetes,type 1 diabetes,C0011854,C0011854,  disease or syndrome   ,   disease or syndrome   ,1101,1101,Yes
310,annual visit , annual visit ,C5396442,C5396442,  health care activity   ,   health care activity   ,4086,4086,No
311,determine , determine ,C0521095,C0521095,  qualitative concept   ,   qualitative concept   ,762,762,No
312,equation , equation ,C0552449,C0552449,  conceptual entity   ,   conceptual entity   ,2150,2150,No
313,c-cell hyperplasia , c-cell hyperplasia ,C0342190,C0342190,  disease or syndrome   ,   disease or syndrome   ,9942,9942,No
314,control , glycemic control ,C0728976,C5392125,  organic chemical / pharmacologic substance   ,   therapeutic or preventive procedure   ,2226,2217,No
315,ml/min , ml/min ,C0439445,C0439445,  quantitative concept   ,   quantitative concept   ,13336,13336,No
316,any , any ,C1552551,C1552551,  qualitative concept   ,   qualitative concept   ,2361,2361,No
317,risk factor , cardiovascular risk factor ,C0035648,C0850624,  finding   ,   finding   ,746,731,No
318,minute , per minute ,C1282918,C0702093,  quantitative concept   ,   temporal concept   ,2036,2032,No
319,tumors , tumors ,C0027651,C0027651,  neoplastic process   ,   neoplastic process   ,9819,9819,No
320,risks , risks ,C0035647,C0035647,  idea or concept   ,   idea or concept   ,4478,4478,No
321,0.1,0.1,C4517420,C4517420,  quantitative concept   ,   quantitative concept   ,11459,11459,No
322,0.2,0.2,C4517436,C4517436,  quantitative concept   ,   quantitative concept   ,11828,11828,No
323,pe , pe ,C1412446,C1412446,  gene or genome   ,   gene or genome   ,27,27,No
324,0.3,0.3,C4068885,C4068885,  quantitative concept   ,   quantitative concept   ,11853,11853,No
325,0.4,0.4,C4517457,C4517457,  quantitative concept   ,   quantitative concept   ,11506,11506,No
326,0.5,0.5,C0444500,C0444500,  quantitative concept   ,   quantitative concept   ,11511,11511,No
327,0.6,0.6,C4068883,C4068883,  quantitative concept   ,   quantitative concept   ,12290,12290,No
328,renal function , renal function ,C0232804,C0232804,  organ or tissue function   ,   organ or tissue function   ,13290,13290,No
329,0.7,0.7,C4517474,C4517474,  quantitative concept   ,   quantitative concept   ,11823,11823,No
330,dipeptidyl peptidase 4,dipeptidyl peptidase 4 inhibitors,"C1414141, C1447020",C1827106,"  gene or genome   ;   amino acid, peptide, or protein / enzyme   ",   pharmacologic substance   ,1154,0,No
331,appetite , decreased appetite ,C4085635,C0232462,  intellectual product   ,   sign or symptom   ,12404,12394,No
332,0.8,0.8,C4517481,C4517481,  quantitative concept   ,   quantitative concept   ,11454,11454,No
333,0.9,0.9,C4068881,C4068881,  quantitative concept   ,   quantitative concept   ,1064,1064,No
334,dpp-4 inhibitors,dpp-4 inhibitors,C1827106,C1827106,  pharmacologic substance   ,   pharmacologic substance   ,2426,2426,No
335,multiplicity , multiplicity ,C0449822,C0449822,  quantitative concept   ,   quantitative concept   ,11081,11081,No
336,glomerular filtration , glomerular filtration rate ,C0232809,C1561549,  organ or tissue function   ,   finding   ,1970,1970,No
337,antihyperglycemic agents , antihyperglycemic agents ,C0020616,C0020616,  pharmacologic substance   ,   pharmacologic substance   ,217,217,No
338,about , about ,C0332232,C0332232,  qualitative concept   ,   qualitative concept   ,4809,4809,No
339,neoplasia , neoplasia ,C1882062,C1882062,  neoplastic process   ,   neoplastic process   ,1288,1288,No
340,observed , observed ,C1441672,C1441672,  functional concept   ,   functional concept   ,5297,5297,No
341,reflect , reflect ,C0558058,C0558058,  mental process   ,   mental process   ,6567,6567,No
342,censoring , censoring ,"C3889990, C3889994","C3889990, C3889994",  activity   ;   activity   ,   activity   ;   activity   ,5257,5257,No
343,114,114,C4708785,C4708785,  quantitative concept   ,   quantitative concept   ,11638,11638,No
344,randomization , randomization ,C0034656,C0034656,  research activity   ,   research activity   ,1435,1435,No
345,composite , composite ,C1547335,C1547335,  idea or concept   ,   idea or concept   ,2593,2593,No
346,medications , medications ,C0802604,C0802604,  clinical attribute   ,   clinical attribute   ,5474,5474,No
347,annual , annual visit ,C0332181,C5396442,  temporal concept   ,   health care activity   ,3977,4086,No
348,recent , recent ,C0332185,C0332185,  temporal concept   ,   temporal concept   ,7120,7120,No
349,s1,s1,"C1179704, C1419027","C1179704, C1419027",  body location or region   ;   gene or genome   ,   body location or region   ;   gene or genome   ,1879,1879,No
350,defined , defined ,C1704788,C1704788,  intellectual product   ,   intellectual product   ,3129,3129,No
351,events , clinical events ,C0441471,C2827664,  event   ,   intellectual product   ,3704,3695,No
352,moderate , moderate disease ,C0694627,C4740691,  qualitative concept   ,   finding   ,8251,13315,No
353,10,10,C1827422,C1827422,"  body part, organ, or organ component   ","   body part, organ, or organ component   ",4783,4783,No
354,decreased appetite , decreased appetite ,C0232462,C0232462,  sign or symptom   ,   sign or symptom   ,12394,12394,No
355,s3,s3,"C1179706, C1335643, C1419033","C1179706, C1335643, C1419033",  body location or region   ;   gene or genome   ;   gene or genome   ,   body location or region   ;   gene or genome   ;   gene or genome   ,5989,5989,Not sure
356,11,11,C2328758,C2328758,  body location or region   ,   body location or region   ,4956,4956,No
357,12,12,C2336809,C2336809,  body location or region   ,   body location or region   ,3968,3968,No
358,13,13,C0470217,C0470217,  quantitative concept   ,   quantitative concept   ,6829,6829,No
359,14,14 days,C0470218,C4071839,  quantitative concept   ,   temporal concept   ,1406,1406,No
360,15,15,C0470219,C0470219,  quantitative concept   ,   quantitative concept   ,7436,7436,No
361,16,16,C0999806,C0999806,  virus   ,   virus   ,7476,7476,No
362,blindness , blindness ,C0456909,C0456909,  disease or syndrome   ,   disease or syndrome   ,3504,3504,No
363,17,17,C2336068,C2336068,  body location or region   ,   body location or region   ,7525,7525,No
364,18,18,C0999807,C0999807,  virus   ,   virus   ,7501,7501,No
365,19,19,C2336698,C2336698,  body location or region   ,   body location or region   ,7528,7528,No
366,then , then ,"C1720594, C1883708","C1720594, C1883708",  intellectual product   ;   temporal concept   ,   intellectual product   ;   temporal concept   ,3864,3864,No
367,each , each ,C1457900,C1457900,  quantitative concept   ,   quantitative concept   ,10243,10243,No
368,benefit , benefit ,C0814225,C0814225,  quantitative concept   ,   quantitative concept   ,5283,5283,No
369,secondary , secondary ,C1522484,C1522484,  functional concept   ,   functional concept   ,13565,13565,No
370,cerebrovascular event , cerebrovascular event ,C5400256,C5400256,  disease or syndrome   ,   disease or syndrome   ,1377,1377,No
371,245,245,C4517661,C4517661,  quantitative concept   ,   quantitative concept   ,12150,12150,No
372,124,124,C4517553,C4517553,  quantitative concept   ,   quantitative concept   ,14233,14233,No
373,difference , difference ,"C1705241, C1705242","C1705241, C1705242",  quantitative concept   ;   qualitative concept   ,   quantitative concept   ;   qualitative concept   ,5125,5125,No
374,pancreatic , pancreatic carcinoma ,"C0030274, C0030292",C0235974,"  body part, organ, or organ component   ;   amino acid, peptide, or protein / pharmacologic substance / hormone   ",   neoplastic process   ,8822,12672,No
375,severe disease , severe disease ,C4740692,C4740692,  finding   ,   finding   ,13370,13370,No
376,populations , populations ,C0032659,C0032659,  quantitative concept   ,   quantitative concept   ,6583,6583,No
377,randomized , randomized ,C0034656,C0034656,  research activity   ,   research activity   ,10044,10044,No
378,moderate disease , moderate disease ,C4740691,C4740691,  finding   ,   finding   ,13315,13315,No
379,male , male ,"C1706180, C1706428, C1706429","C1706180, C1706428, C1706429",  qualitative concept   ;   qualitative concept   ;   organism attribute   ,   qualitative concept   ;   qualitative concept   ;   organism attribute   ,12775,12775,No
380,20,20,"C2326706, C2346642","C2326706, C2346642",  body location or region   ;   finding   ,   body location or region   ;   finding   ,7439,7439,No
381,21,21,C2328516,C2328516,  body location or region   ,   body location or region   ,8519,8519,No
382,annually , annually ,C0332181,C0332181,  temporal concept   ,   temporal concept   ,3977,3977,Not sure
383,22,22,C2322884,C2322884,"  body part, organ, or organ component   ","   body part, organ, or organ component   ",8522,8522,Not sure
384,23,23,C1827807,C1827807,"  body part, organ, or organ component   ","   body part, organ, or organ component   ",8939,8939,No
385,chronic kidney disease , chronic kidney disease ,C1561643,C1561643,  disease or syndrome   ,   disease or syndrome   ,565,565,No
386,components , components ,C0449432,C0449432,  manufactured object   ,   manufactured object   ,6411,6411,No
387,25,25,C1827665,C1827665,"  body part, organ, or organ component   ","   body part, organ, or organ component   ",8942,8942,No
388,increased , increased ,C0442805,C0442805,  functional concept   ,   functional concept   ,12310,12310,No
389,insulin , rapid-acting insulin ,"C1145751, C1337112",C0356365,  molecular function   ;   gene or genome   ,"   amino acid, peptide, or protein / pharmacologic substance / hormone   ",245,1213,Not sure
390,27,27,C0470226,C0470226,  intellectual product   ,   intellectual product   ,9902,9902,Not sure
391,28,28,C0470227,C0470227,  quantitative concept   ,   quantitative concept   ,11447,11447,Not sure
392,association , association ,C0699792,C0699792,  social behavior   ,   social behavior   ,654,654,No
393,kidney disease , chronic kidney disease ,C0022658,C1561643,  disease or syndrome   ,   disease or syndrome   ,573,565,No
394,long , long ,C1706317,C1706317,  qualitative concept   ,   qualitative concept   ,288,288,No
395,was a , was a ,C1278569,C1278569,  functional concept   ,   functional concept   ,7927,7927,No
396,cvd , cvd ,"C0007222, C0007820","C0007222, C0007820",  disease or syndrome   ;   disease or syndrome   ,   disease or syndrome   ;   disease or syndrome   ,13028,13028,No
397,min , min ,"C1524031, C1552937","C1524031, C1552937",  qualitative concept   ;   quantitative concept   ,   qualitative concept   ;   quantitative concept   ,273,273,No
398,inclusion and exclusion , inclusion and exclusion ,C0680252,C0680252,  functional concept   ,   functional concept   ,1463,1463,No
399,permitted , permitted ,C0329040,C0329040,  fish   ,   fish   ,2463,2463,No
400,adjudication committee , adjudication committee ,C2700368,C2700368,  professional or occupational group   ,   professional or occupational group   ,3632,3632,No
401,reported , reported ,"C0684224, C0700287","C0684224, C0700287",  intellectual product   ;   health care activity   ,   intellectual product   ;   health care activity   ,6224,6224,No
402,benign , benign neoplasm ,C0205183,"C0497556, C0497566",  qualitative concept   ,   neoplastic process   ;   neoplastic process   ,12583,12583,No
403,hispanic , hispanic ,C0086409,C0086409,  population group   ,   population group   ,12907,12907,No
404,ankle , ankle ,C1283839,C1283839,  body location or region   ,   body location or region   ,932,932,No
405,arm , arm ,"C1140618, C1269078, C1269612","C1140618, C1269078, C1269612","  body part, organ, or organ component   ;   body part, organ, or organ component   ;   body part, organ, or organ component   ","   body part, organ, or organ component   ;   body part, organ, or organ component   ;   body part, organ, or organ component   ",1046,1046,No
406,30,30 minute,"C2333013, C2346643",C0456693,  body location or region   ;   finding   ,   temporal concept   ,2019,0,No
407,31,31,C2324641,C2324641,  body location or region   ,   body location or region   ,10424,10424,No
408,32,32,C2330169,C2330169,"  body part, organ, or organ component   ","   body part, organ, or organ component   ",11487,11487,No
409,33,33,C2326308,C2326308,  body location or region   ,   body location or region   ,11602,11602,No
410,inclusion criteria , inclusion criteria ,C1512693,C1512693,  qualitative concept   ,   qualitative concept   ,366,366,No
411,revascularization , coronary revascularization ,C0581603,C0877341,  therapeutic or preventive procedure   ,   therapeutic or preventive procedure   ,2955,2946,No
412,silent , silent ,C0443304,C0443304,  qualitative concept   ,   qualitative concept   ,2723,2723,No
413,36,36 months,C2331086,C4745112,  body location or region   ,   temporal concept   ,4056,4056,Not sure
414,reaction , allergic reaction ,C0443286,C1527304,  functional concept   ,   pathologic function   ,11925,11916,No
415,sex female , sex female ,C0086287,C0086287,  organism attribute   ,   organism attribute   ,12769,12769,No
416,new york heart association class ii , new york heart association class ii ,C1882085,C1882085,  finding   ,   finding   ,639,639,Yes
417,one , one ,C0205447,C0205447,  quantitative concept   ,   quantitative concept   ,200,200,No
418,black , black ,C1704739,C1704739,  qualitative concept   ,   qualitative concept   ,12876,12876,No
419,36 months,36 months,C4745112,C4745112,  temporal concept   ,   temporal concept   ,4056,4056,No
420,malignant neoplasm , malignant neoplasm ,C1306459,C1306459,  neoplastic process   ,   neoplastic process   ,12628,12628,No
421,many , many ,C0747726,C0747726,  conceptual entity   ,   conceptual entity   ,10226,10226,No
422,cardiovascular , cardiovascular risk factor ,C0007226,C0850624,  body system   ,   finding   ,450,731,No
423,left ventricular systolic dysfunction , left ventricular systolic dysfunction ,C1277187,C1277187,  disease or syndrome   ,   disease or syndrome   ,0,0,No
424,145,145,C4517577,C4517577,  quantitative concept   ,   quantitative concept   ,11687,11687,No
425,type 2 diabetes,type 2 diabetes,C0011860,C0011860,  disease or syndrome   ,   disease or syndrome   ,25,25,No
426,pramlintide , pramlintide ,C0537551,C0537551,"  amino acid, peptide, or protein / pharmacologic substance / hormone   ","   amino acid, peptide, or protein / pharmacologic substance / hormone   ",1197,1197,Yes
427,42,42,C2334445,C2334445,  body location or region   ,   body location or region   ,4210,4210,No
428,hospitalizations , hospitalizations ,C0019993,C0019993,  health care activity   ,   health care activity   ,4998,4998,No
429,determined by , determined by ,C0521095,C0521095,  qualitative concept   ,   qualitative concept   ,762,762,No
430,ratio , ratio ,C0456603,C0456603,  quantitative concept   ,   quantitative concept   ,958,958,No
431,44,44,C2325767,C2325767,  body location or region   ,   body location or region   ,11810,11810,No
432,agent , antidiabetic agent ,C1254351,C0935929,  pharmacologic substance   ,   pharmacologic substance   ,235,13162,No
433,48,48,C2330882,C2330882,  body location or region   ,   body location or region   ,14050,14050,No
434,rapid , rapid ,C0456962,C0456962,  qualitative concept   ,   qualitative concept   ,1213,1213,No
435,numbers , numbers ,C0449788,C0449788,  quantitative concept   ,   quantitative concept   ,9677,9677,No
436,14 days,14 days,C4071839,C4071839,  temporal concept   ,   temporal concept   ,1406,1406,No
437,new onset , new onset ,C0746890,C0746890,  finding   ,   finding   ,3144,3144,Not sure
438,rodents , rodents ,C0035804,C0035804,  mammal   ,   mammal   ,9757,9757,No
439,white , white ,C0220938,C0220938,  qualitative concept   ,   qualitative concept   ,12870,12870,No
440,up , up ,"C1282910, C1282911, C1421363","C1282910, C1282911, C1421363",  spatial concept   ;   spatial concept   ;   gene or genome   ,   spatial concept   ;   spatial concept   ;   gene or genome   ,1515,1515,No
441,50,50,C2346645,C2346645,  finding   ,   finding   ,415,415,No
442,severe hypoglycemia , severe hypoglycemia ,C4728082,C4728082,  disease or syndrome   ,   disease or syndrome   ,10442,10442,No
443,given , given ,C1442162,C1442162,  functional concept   ,   functional concept   ,4179,4179,No
444,56,56,C0470239,C0470239,  quantitative concept   ,   quantitative concept   ,10563,10563,No
445,coronary , coronary revascularization ,C1522318,C0877341,  spatial concept   ,   therapeutic or preventive procedure   ,487,2946,No
446,last , last ,C1517741,C1517741,  qualitative concept   ,   qualitative concept   ,4081,4081,No
447,59,59,C3830128,C3830128,  quantitative concept   ,   quantitative concept   ,11934,11934,No
448,this , this ,C1080058,C1080058,  eukaryote   ,   eukaryote   ,149,149,No
449,significant , significant ,C0750502,C0750502,  idea or concept   ,   idea or concept   ,5144,5144,Not sure
450,protamine , protamine ,C0033603,C0033603,"  amino acid, peptide, or protein / pharmacologic substance / biologically active substance   ","   amino acid, peptide, or protein / pharmacologic substance / biologically active substance   ",268,268,Not sure
451,exclusion criteria , exclusion criteria ,C0680251,C0680251,  functional concept   ,   functional concept   ,1077,1077,Not sure
452,modification , modification ,C1554963,C1554963,  functional concept   ,   functional concept   ,2112,2112,Not sure
453,nausea , nausea ,C1963179,C1963179,  finding   ,   finding   ,12211,12211,No
454,gallstone disease , gallstone disease ,C0008350,C0008350,  disease or syndrome   ,   disease or syndrome   ,9433,9433,No
455,168,168,C0470263,C0470263,  quantitative concept   ,   quantitative concept   ,12599,12599,No
456,systolic , systolic blood pressure ,C0232257,C1306620,  finding   ,   diagnostic procedure   ,891,971,No
457,median , median ,C0876920,C0876920,  quantitative concept   ,   quantitative concept   ,8324,8324,No
458,thyroid , medullary thyroid carcinoma ,C2228489,C0238462,  health care activity   ,   neoplastic process   ,1318,9964,Yes
459,laboratory , laboratory testing ,"C1548427, C1571737",C0022885,  intellectual product   ;   intellectual product   ,   laboratory procedure   ,3902,4104,No
460,failure , chronic heart failure ,C0680095,C0264716,  individual behavior   ,   disease or syndrome   ,628,614,No
461,overall , overall ,C1561607,C1561607,  qualitative concept   ,   qualitative concept   ,9669,9669,No
462,60,60,C2346646,C2346646,  finding   ,   finding   ,696,696,No
463,abdominal , abdominal discomfort ,C0000726,C0232487,  body location or region   ,   sign or symptom   ,12357,12436,Yes
464,region , geographic region ,C1514562,C0017446,  amino acid sequence   ,   geographic area   ,12814,12803,No
465,neoplasms , neoplasms ,C0027651,C0027651,  neoplastic process   ,   neoplastic process   ,3517,3517,No
466,62,62,C4517835,C4517835,  quantitative concept   ,   quantitative concept   ,11441,11441,No
467,support , support ,"C1171411, C1317973","C1171411, C1317973",  organic chemical / pharmacologic substance / vitamin   ;   clinical attribute   ,   organic chemical / pharmacologic substance / vitamin   ;   clinical attribute   ,5938,5938,No
468,higher , higher ,C0205250,C0205250,  qualitative concept   ,   qualitative concept   ,7603,7603,No
469,benefits , benefits ,C0814225,C0814225,  quantitative concept   ,   quantitative concept   ,5283,5283,No
470,66,66,C4517841,C4517841,  quantitative concept   ,   quantitative concept   ,4694,4694,No
471,68,68,C0450387,C0450387,  intellectual product   ,   intellectual product   ,11728,11728,No
472,estimated glomerular filtration rate , estimated glomerular filtration rate ,C3811844,C3811844,  laboratory procedure   ,   laboratory procedure   ,1960,1960,Yes
473,proteinuria , proteinuria ,C1279888,C1279888,  disease or syndrome   ,   disease or syndrome   ,814,814,No
474,scheduled , scheduled ,C1571999,C1571999,  temporal concept   ,   temporal concept   ,2488,2488,No
475,mass , mass ,"C1306372, C1414542","C1306372, C1414542",  quantitative concept   ;   gene or genome   ,   quantitative concept   ;   gene or genome   ,12934,12934,No
476,changes , changes ,C0443172,C0443172,  quantitative concept   ,   quantitative concept   ,6684,6684,No
477,effect of drugs , effect of drugs ,C0728866,C0728866,  functional concept   ,   functional concept   ,10129,10129,No
478,systolic dysfunction , left ventricular systolic dysfunction ,C0749225,C1277187,  pathologic function   ,   disease or syndrome   ,0,0,No
479,non , non ,"C1513853, C1518422","C1513853, C1518422",  mammal   ;   functional concept   ,   mammal   ;   functional concept   ,2703,2703,No
480,conclusion , conclusion ,C1707478,C1707478,  idea or concept   ,   idea or concept   ,11122,11122,No
481,interest , interest ,C0543488,C0543488,  mental process   ,   mental process   ,8722,8722,No
482,hyperplasia thyroid , hyperplasia thyroid ,C1112776,C1112776,  finding   ,   finding   ,0,0,No
483,factor , cardiovascular risk factor ,C1521761,C0850624,  functional concept   ,   finding   ,751,731,No
484,every ,every 6 months,"C1720374, C1948061",C0585339,  intellectual product   ;   qualitative concept   ,   temporal concept   ,2545,2545,No
485,76,76,C0470245,C0470245,  quantitative concept   ,   quantitative concept   ,13815,13815,No
486,pain , abdominal pain ,"C1549543, C1557397, C1882272",C0000737,  functional concept   ;   finding   ;   finding   ,   sign or symptom   ,12367,12357,No
487,disease , cerebrovascular disease ,C0012634,C0007820,  disease or syndrome   ,   disease or syndrome   ,502,511,No
488,race , race ,"C1315098, C1412374","C1315098, C1412374",  clinical attribute   ;   gene or genome   ,   clinical attribute   ;   gene or genome   ,12865,12865,No
489,apply , apply ,"C1632850, C1879355","C1632850, C1879355",  functional concept   ;   functional concept   ,   functional concept   ;   functional concept   ,11005,11005,No
490,yes , yes ,C1298907,C1298907,  finding   ,   finding   ,13127,13127,No
491,estimated , estimated glomerular filtration rate ,C0750572,C3811844,  quantitative concept   ,   laboratory procedure   ,1960,1960,Yes
492,lowering , lowering ,C2003888,C2003888,  activity   ,   activity   ,5493,5493,No
493,medullary , medullary thyroid carcinoma ,C1550278,C0238462,"  body part, organ, or organ component   ",   neoplastic process   ,1308,9964,No
494,target , target ,C1521840,C1521840,  functional concept   ,   functional concept   ,2206,2206,No
495,ischemic , ischemic ,C0475224,C0475224,  functional concept   ,   functional concept   ,14033,14033,No
496,severe adverse event , severe adverse event ,C1519275,C1519275,  finding   ,   finding   ,12165,12165,No
497,discomfort , abdominal discomfort ,C2364135,C0232487,  sign or symptom   ,   sign or symptom   ,12446,12436,No
498,restricted , restricted ,"C1548390, C1549594, C1610594","C1548390, C1549594, C1610594",  idea or concept   ;   intellectual product   ;   idea or concept   ,   idea or concept   ;   intellectual product   ;   idea or concept   ,10757,10757,No
499,other ethnic group , other ethnic group ,C1278530,C1278530,  population group   ,   population group   ,12888,12888,No
500,3 years,3 years,C4299033,C4299033,  temporal concept   ,   temporal concept   ,4682,4682,No
501,nephropathy , nephropathy ,C0022658,C0022658,  disease or syndrome   ,   disease or syndrome   ,3116,3116,No
502,time , time ,"C1547403, C1548318, C2024467","C1547403, C1548318, C2024467",  idea or concept   ;   idea or concept   ;   finding   ,   idea or concept   ;   idea or concept   ;   finding   ,2618,2618,No
503,number of patients , number of patients ,C2360800,C2360800,  finding   ,   finding   ,4610,4610,No
504,liraglutide , liraglutide ,C1456408,C1456408,"  amino acid, peptide, or protein / pharmacologic substance / hormone   ","   amino acid, peptide, or protein / pharmacologic substance / hormone   ",1773,1773,No
505,measured , measured ,C0444706,C0444706,  qualitative concept   ,   qualitative concept   ,3821,3821,No
506,cholelithiasis , cholelithiasis ,C0008350,C0008350,  disease or syndrome   ,   disease or syndrome   ,11713,11713,No
507,achievement , achievement ,C0001072,C0001072,  behavior   ,   behavior   ,8359,8359,No
508,foot ulcer , diabetic foot ulcer ,C0085119,C1456868,  disease or syndrome   ,   disease or syndrome   ,11880,11871,No
509,criteria , inclusion criteria ,C0243161,C1512693,  idea or concept   ,   qualitative concept   ,376,366,No
510,cerebrovascular , cerebrovascular disease ,C1880018,C0007820,  qualitative concept   ,   disease or syndrome   ,511,511,No
511,192,192,C4517623,C4517623,  quantitative concept   ,   quantitative concept   ,12140,12140,No
512,during , during ,C1706551,C1706551,  intellectual product   ,   intellectual product   ,5409,5409,No
513,type ,multiple endocrine neoplasia type 2,C1420009,C0025268,  gene or genome   ,   neoplastic process   ,25,1269,No
514,consistency , consistency ,C1547017,C1547017,  quantitative concept   ,   quantitative concept   ,6488,6488,No
515,relation , relation ,C0869014,C0869014,  social behavior   ,   social behavior   ,9125,9125,No
516,maximum tolerated dose , maximum tolerated dose ,C0752079,C0752079,  quantitative concept   ,   quantitative concept   ,1746,1746,No
517,hyperthyroidism , hyperthyroidism ,C0020550,C0020550,  disease or syndrome   ,   disease or syndrome   ,11833,11833,No
518,c-cell , c-cell hyperplasia ,C0229579,C0342190,  cell   ,   disease or syndrome   ,9812,9942,No
519,safety , safety ,C1705187,C1705187,  research activity   ,   research activity   ,10728,10728,No
520,90,90,C2346649,C2346649,  finding   ,   finding   ,11436,11436,No
521,gallstone , gallstone disease ,C0947622,C0008350,  disease or syndrome   ,   disease or syndrome   ,9433,9433,No
522,yr , yr ,C0439234,C0439234,  temporal concept   ,   temporal concept   ,1320,1320,No
523,hyperplasia , c-cell hyperplasia ,C0020507,C0342190,  pathologic function   ,   disease or syndrome   ,9830,9942,Yes
524,greater , greater ,C1704243,C1704243,  quantitative concept   ,   quantitative concept   ,602,602,No
525,between , between ,C0205103,C0205103,  spatial concept   ,   spatial concept   ,4023,4023,No
526,vomiting , vomiting ,C1963281,C1963281,  finding   ,   finding   ,12243,12243,No
527,98,98,C0470250,C0470250,  quantitative concept   ,   quantitative concept   ,4740,4740,No
528,risk factors , risk factors ,"C1553898, C1830376","C1553898, C1830376",  intellectual product   ;   clinical attribute   ,   intellectual product   ;   clinical attribute   ,13084,13084,No
529,ethnic , other ethnic group ,C0680174,C1278530,  finding   ,   population group   ,12894,12888,No
530,glomerular filtration rate , estimated glomerular filtration rate ,C1561549,C3811844,  finding   ,   laboratory procedure   ,1970,1960,No
531,baseline , baseline ,C1442488,C1442488,  quantitative concept   ,   quantitative concept   ,5221,5221,No
532,vascular , vascular ,"C1558950, C1801960","C1558950, C1801960",  finding   ;   qualitative concept   ,   finding   ;   qualitative concept   ,456,456,No
533,following , following ,"C0231290, C0332282","C0231290, C0332282",  temporal concept   ;   temporal concept   ,   temporal concept   ;   temporal concept   ,394,394,No
534,sulfonylureas , sulfonylureas ,C0038766,C0038766,  organic chemical / pharmacologic substance   ,   organic chemical / pharmacologic substance   ,10272,10272,Yes
535,intravitreal , intravitreal ,C1517572,C1517572,  functional concept   ,   functional concept   ,3429,3429,Yes
536,sensitivity , sensitivity ,"C1511883, C1522640","C1511883, C1522640",  quantitative concept   ;   qualitative concept   ,   quantitative concept   ;   qualitative concept   ,5157,5157,No
537,primary , primary ,"C0439612, C0439631, C0677930","C0439612, C0439631, C0677930",  temporal concept   ;   therapeutic or preventive procedure   ;   neoplastic process   ,   temporal concept   ;   therapeutic or preventive procedure   ;   neoplastic process   ,2585,2585,No
538,hypothyroidism , hypothyroidism ,C0020676,C0020676,  disease or syndrome   ,   disease or syndrome   ,11795,11795,Yes
539,north , north america ,C1709269,C0028405,  spatial concept   ,   geographic area   ,12828,12828,No
540,direct , direct ,"C1552596, C1947931","C1552596, C1947931",  intellectual product   ;   qualitative concept   ,   intellectual product   ;   qualitative concept   ,6365,6365,No
541,iii , iii ,C1705160,C1705160,  qualitative concept   ,   qualitative concept   ,678,678,No
542,pattern , pattern ,C0449774,C0449774,  spatial concept   ,   spatial concept   ,6028,6028,No
543,renal disease , renal disease ,C0022658,C0022658,  disease or syndrome   ,   disease or syndrome   ,2136,2136,No
544,receiving , receiving ,C1514756,C1514756,  qualitative concept   ,   qualitative concept   ,9765,9765,No
545,diabetic foot , diabetic foot ulcer ,C0206172,C1456868,  disease or syndrome   ,   disease or syndrome   ,11871,11871,Yes
546,causes , causes ,C1314792,C1314792,  functional concept   ,   functional concept   ,2695,2695,No
547,hypoglycemia , severe hypoglycemia ,C0020615,C4728082,  disease or syndrome   ,   disease or syndrome   ,10449,10442,Yes
548,power , statistical power ,C0032863,C0814897,  social behavior   ,   research activity   ,7568,7556,No
549,event , serious adverse event ,C0441471,C1519255,  event   ,   finding   ,1393,11464,Yes
550,europe , europe ,C0015176,C0015176,  geographic area   ,   geographic area   ,12821,12821,Not sure
551,established , established ,C1272684,C1272684,  qualitative concept   ,   qualitative concept   ,13050,13050,No
552,include , include ,C1552866,C1552866,  idea or concept   ,   idea or concept   ,2808,2808,No
553,onset of , onset of ,C0332162,C0332162,  qualitative concept   ,   qualitative concept   ,3148,3148,No
554,observation , observation ,C0700325,C0700325,  health care activity   ,   health care activity   ,9260,9260,No
555,macroalbuminuria , macroalbuminuria ,C1654921,C1654921,  finding   ,   finding   ,3157,3157,No
556,more , more ,C0439064,C0439064,  quantitative concept   ,   quantitative concept   ,88,88,No
557,consistent , consistent ,C0332290,C0332290,  idea or concept   ,   idea or concept   ,8862,8862,No
558,adverse events , adverse events ,C0877248,C0877248,  pathologic function   ,   pathologic function   ,8642,8642,No
559,performed , performed ,C0884358,C0884358,  functional concept   ,   functional concept   ,3924,3924,No
560,heterogeneity , heterogeneity ,C0242960,C0242960,  organism attribute   ,   organism attribute   ,6344,6344,No
561,site , site ,"C1515974, C1546778","C1515974, C1546778",  body location or region   ;   intellectual product   ,   body location or region   ;   intellectual product   ,2598,2598,No
562,permanent , permanent ,"C1548538, C1549637","C1548538, C1549637",  idea or concept   ;   idea or concept   ,   idea or concept   ;   idea or concept   ,8590,8590,No
563,acute pancreatitis , acute pancreatitis ,C0001339,C0001339,  disease or syndrome   ,   disease or syndrome   ,12500,12500,No
564,minimum , minimum ,"C1524031, C1552614","C1524031, C1552614",  qualitative concept   ;   idea or concept   ,   qualitative concept   ;   idea or concept   ,4189,4189,No
565,diabetes ,type 1 diabetes,"C0011847, C0011849, C0011860",C0011854,  disease or syndrome   ;   disease or syndrome   ;   disease or syndrome   ,   disease or syndrome   ,32,1101,No
566,first , first ,C1279901,C1279901,  qualitative concept   ,   qualitative concept   ,2649,2649,No
567,levels , levels ,C0441889,C0441889,  qualitative concept   ,   qualitative concept   ,5345,5345,No
568,cohorts , cohorts ,C0599755,C0599755,  population group   ,   population group   ,7234,7234,No
569,small , small ,C0700321,C0700321,  quantitative concept   ,   quantitative concept   ,9663,9663,No
570,acute cholecystitis , acute cholecystitis ,C0149520,C0149520,  disease or syndrome   ,   disease or syndrome   ,11751,11751,No
571,data , data ,C1511726,C1511726,  idea or concept   ,   idea or concept   ,5857,5857,No
572,glycemic control , glycemic control ,C5392125,C5392125,  therapeutic or preventive procedure   ,   therapeutic or preventive procedure   ,2217,2217,No
573,before , before ,C1705850,C1705850,  intellectual product   ,   intellectual product   ,1414,1414,No
574,myocardial infarction , myocardial infarction ,C0428953,C0428953,  laboratory or test result   ,   laboratory or test result   ,2731,2731,Yes
575,fewer , fewer ,C4086785,C4086785,  quantitative concept   ,   quantitative concept   ,4992,4992,No
576,3 6,3 6,C0442759,C0442759,  finding   ,   finding   ,14061,14061,No
577,6 months,every 6 months,C4071833,C0585339,  temporal concept   ,   temporal concept   ,2551,2545,No
578,follow-up , follow-up ,"C1522577, C1704685","C1522577, C1704685",  health care activity   ;   intellectual product   ,   health care activity   ;   intellectual product   ,2502,2502,No
579,inhibitor , inhibitor ,C1999216,C1999216,  biologically active substance   ,   biologically active substance   ,1185,1185,Yes
580,major , major ,"C0205082, C0205164","C0205082, C0205164",  finding   ;   qualitative concept   ,   finding   ;   qualitative concept   ,360,360,No
581,percentage , percentage ,"C1549488, C1561533","C1549488, C1561533",  idea or concept   ;   idea or concept   ,   idea or concept   ;   idea or concept   ,8674,8674,No
582,only , only ,C1720467,C1720467,  intellectual product   ,   intellectual product   ,9117,9117,No
583,from , from ,C1517320,C1517320,  qualitative concept   ,   qualitative concept   ,2675,2675,No
584,episodes , episodes ,C0332189,C0332189,  temporal concept   ,   temporal concept   ,9209,9209,No
585,group , other ethnic group ,C1257890,C1278530,  population group   ,   population group   ,4031,12888,No
586,combination , combination ,C1947911,C1947911,  physical object   ,   physical object   ,327,327,No
587,cardiovascular events , cardiovascular events ,C1320716,C1320716,  finding   ,   finding   ,7405,7405,No
588,empagliflozin , empagliflozin ,C3490348,C3490348,  organic chemical / pharmacologic substance   ,   organic chemical / pharmacologic substance   ,6192,6192,No
589,per deciliter , per deciliter ,C3642216,C3642216,  quantitative concept   ,   quantitative concept   ,10569,10569,No
590,heart failure , chronic heart failure ,"C0018801, C0018802",C0264716,  disease or syndrome   ;   disease or syndrome   ,   disease or syndrome   ,622,614,No
591,abdominal discomfort , abdominal discomfort ,C0232487,C0232487,  sign or symptom   ,   sign or symptom   ,12436,12436,Yes
592,therapies , therapies ,C0087111,C0087111,  therapeutic or preventive procedure   ,   therapeutic or preventive procedure   ,5451,5451,No
593,benign neoplasm , benign neoplasm ,"C0497556, C0497566","C0497556, C0497566",  neoplastic process   ;   neoplastic process   ,   neoplastic process   ;   neoplastic process   ,12583,12583,No
594,patients , number of patients ,C0030705,C2360800,  patient or disabled group   ,   finding   ,1,4610,No
595,diabetic foot ulcer , diabetic foot ulcer ,C1456868,C1456868,  disease or syndrome   ,   disease or syndrome   ,11871,11871,Yes
596,diarrhea , diarrhea ,C1963091,C1963091,  finding   ,   finding   ,12277,12277,No
597,both , both ,C1706086,C1706086,  qualitative concept   ,   qualitative concept   ,9275,9275,No
598,effects , effects of ,C1280500,C1704420,  qualitative concept   ,   qualitative concept   ,6396,8477,No
599,agonists , agonists ,C0243192,C0243192,  pharmacologic substance   ,   pharmacologic substance   ,1144,1144,No
600,left ventricular hypertrophy , left ventricular hypertrophy ,C0232306,C0232306,  finding   ,   finding   ,844,844,No
601,dipeptidyl peptidase 4 inhibitors,dipeptidyl peptidase 4 inhibitors,C1827106,C1827106,  pharmacologic substance   ,   pharmacologic substance   ,0,0,No
602,effect , effect of drugs ,C1280500,C0728866,  qualitative concept   ,   functional concept   ,6396,10129,No
603,medullary thyroid cancer , medullary thyroid cancer ,C0238462,C0238462,  neoplastic process   ,   neoplastic process   ,1308,1308,No
604,cholecystitis , acute cholecystitis ,C1963083,C0149520,  finding   ,   disease or syndrome   ,11757,11751,No
605,replacement , replacement therapy ,C1555302,"C0279033, C0282402",  health care activity   ,   therapeutic or preventive procedure   ;   therapeutic or preventive procedure   ,3295,3295,No
606,who , who ,C1140123,C1140123,  intellectual product   ,   intellectual product   ,41,41,No
607,9.5,9.5,C4517899,C4517899,  quantitative concept   ,   quantitative concept   ,12096,12096,No
608,acute , pancreatitis acute ,C0856825,C0001339,  disease or syndrome   ,   disease or syndrome   ,1359,0,Yes
609,limitation , limitation ,"C0443288, C0449295","C0443288, C0449295",  functional concept   ;   functional concept   ,   functional concept   ;   functional concept   ,10638,10638,No
610,chronic pancreatitis , chronic pancreatitis ,C0149521,C0149521,  disease or syndrome   ,   disease or syndrome   ,9341,9341,Yes
611,death , death ,C1306577,C1306577,  finding   ,   finding   ,2669,2669,No
612,according , according ,C0680240,C0680240,  social behavior   ,   social behavior   ,1943,1943,No
613,diabetes mellitus , diabetes mellitus ,C0011849,C0011849,  disease or syndrome   ,   disease or syndrome   ,4910,4910,No
614,visits , visits ,C1512346,C1512346,  health care activity   ,   health care activity   ,2512,2512,Not sure
615,personal history , personal history ,C0424945,C0424945,  finding   ,   finding   ,1249,1249,No
616,inclusion , inclusion and exclusion ,C5399832,C0680252,  laboratory or test result   ,   functional concept   ,366,1463,No
617,abdominal pain , abdominal pain ,C0000737,C0000737,  sign or symptom   ,   sign or symptom   ,12357,12357,No
618,patient , patient ,"C1550655, C1578481, C1578483, C1578484, C1578485, C1578486, C1705908","C1550655, C1578481, C1578483, C1578484, C1578485, C1578486, C1705908",  body substance   ;   idea or concept   ;   idea or concept   ;   idea or concept   ;   intellectual product   ;   intellectual product   ;   organism   ,   body substance   ;   idea or concept   ;   idea or concept   ;   idea or concept   ;   intellectual product   ;   intellectual product   ;   organism   ,1,1,No
619,diet , diet ,"C1519433, C1549512","C1519433, C1549512",  therapeutic or preventive procedure   ;   functional concept   ,   therapeutic or preventive procedure   ;   functional concept   ,2128,2128,No
620,regimen , regimen ,C0040808,C0040808,  therapeutic or preventive procedure   ,   therapeutic or preventive procedure   ,1655,1655,No
621,rest , rest ,C1419346,C1419346,  gene or genome   ,   gene or genome   ,8726,8726,No
622,microvascular , microvascular ,C0443258,C0443258,  functional concept   ,   functional concept   ,3093,3093,No
623,hospitalization , hospitalization ,C0019993,C0019993,  health care activity   ,   health care activity   ,2977,2977,Not sure
624,therapy , replacement therapy ,C1363945,"C0279033, C0282402",  finding   ,   therapeutic or preventive procedure   ;   therapeutic or preventive procedure   ,3307,3295,No
625,effects of , effects of ,C1704420,C1704420,  qualitative concept   ,   qualitative concept   ,8477,8477,No
626,alternative , alternative ,C1523987,C1523987,  qualitative concept   ,   qualitative concept   ,5245,5245,No
627,groups , groups ,C0687744,C0687744,  population group   ,   population group   ,4031,4031,No
628,regimens , regimens ,C0040808,C0040808,  therapeutic or preventive procedure   ,   therapeutic or preventive procedure   ,9280,9280,No
629,antidiabetic agent , antidiabetic agent ,C0935929,C0935929,  pharmacologic substance   ,   pharmacologic substance   ,13162,13162,No
630,follow , follow ,C0332283,C0332283,  temporal concept   ,   temporal concept   ,394,394,No
631,efficacy , efficacy ,C1280519,C1280519,  qualitative concept   ,   qualitative concept   ,10739,10739,No
632,cardiovascular risk factor , cardiovascular risk factor ,C0850624,C0850624,  finding   ,   finding   ,731,731,No
633,recommended , recommended ,C0034866,C0034866,  idea or concept   ,   idea or concept   ,2194,2194,No
634,various , various ,C0440102,C0440102,"  indicator, reagent, or diagnostic aid   ","   indicator, reagent, or diagnostic aid   ",4866,4866,No
635,interaction , interaction ,C0687133,C0687133,  pathologic function   ,   pathologic function   ,5970,5970,No
636,visit , annual visit ,C1512346,C5396442,  health care activity   ,   health care activity   ,2512,4086,No